{"queen": [], "worker_10": [2.56206481485824e-19, 4.689418472664276e-11, 4.3372361020039687e-08, 9.393514168694174e-07, 6.576400654096691e-06, 2.1441467806047355e-05, 5.9588686644237216e-05, 0.00010030702669700455, 0.00016950323407039633, 0.000271364780471652, 0.000358178550081576, 0.00048626473046571865, 0.000582017819365244, 0.0006463598673173457, 0.0007475850498467838, 0.0008357145858023109, 0.0008845684147069504, 0.0010383091997678614, 0.0012101433595999476, 0.001292842109441952], "worker_9": [6.457890063811616e-13, 1.1548473048852215e-07, 6.967341622378377e-06, 4.532276100299788e-05, 0.00013367180383346198, 0.00029991330598272707, 0.0005299713090757416, 0.0007254997620676088, 0.0009871993579586074, 0.001254527097862512, 0.001606777899509959, 0.001932129779540742, 0.0021153225826662653, 0.002448894877114849, 0.0025267303889759743, 0.00282745107100019, 0.002906030457882846, 0.0030184787108154414, 0.0030941257461038294, 0.0033840371369367422], "worker_8": [5.192455361337403e-06, 0.0003225902555737994, 0.0011278484256722332, 0.002221492035632582, 0.002878393365566241, 0.003490010805493055, 0.003858512985439821, 0.0041564775010608955, 0.004320600936701038, 0.004801405485028972, 0.005093463951591684, 0.005082430399419128, 0.005047144841603172, 0.005262285418335602, 0.005530949291225335, 0.005454433069283543, 0.005835325270898946, 0.006301128731555875, 0.00737001202799409, 0.007815713257332123], "worker_3": [6.45789006380292e-13, 7.879805560385875e-08, 3.56287244825523e-06, 2.680087025864065e-05, 8.903126250857143e-05, 0.00021534544376758584, 0.0004375764543093415, 0.0006122699284247967, 0.0007720417817496686, 0.0010059261782871909, 0.0012294839222215007, 0.0014627080908438139, 0.0015820884597863964, 0.0017991519663810346, 0.0021160676076041637, 0.0021610503359694986, 0.0022805751369737105, 0.0023630361864214436, 0.0025233126236927166, 0.0027165961906341685], "worker_2": [6.45789006380292e-13, 1.8179656971688577e-07, 1.0861601226712574e-05, 6.829314220971071e-05, 0.00022807797553151695, 0.0003973868019478023, 0.0006728118542104191, 0.0008307764488377437, 0.0010585441296075485, 0.001287250678539788, 0.0016717437320698779, 0.001930600782108947, 0.002186040545872993, 0.0022198121310593065, 0.0023348775859238324, 0.0024494031201293463, 0.002757996025423936, 0.002929305016113878, 0.0029684171397712524, 0.0032613348132085364], "worker_1": [5.192455361327755e-06, 0.00044469246622254983, 0.0016669213693573579, 0.0026460132080428135, 0.004026237342706169, 0.004719666614899187, 0.005582911657349293, 0.006075294467523621, 0.006118634446502038, 0.006486730857370235, 0.006884839191152536, 0.006742952633111004, 0.00707598969783038, 0.006849723450915712, 0.006699231350071903, 0.006822626279185806, 0.007467686441722682, 0.009089236530086264, 0.010870303453278374, 0.01186580017720108], "worker_7": [3.0950121424300324e-07, 9.77470452968932e-05, 0.00047251384799274035, 0.00124318801626686, 0.0020241144185202367, 0.0024747882417848247, 0.0028148943515805716, 0.0033888155380465633, 0.003607265673755577, 0.004165801461003025, 0.004301084632050701, 0.0046504139590056, 0.004948727128912208, 0.00527451562832695, 0.005483952661472619, 0.005644803027084005, 0.006020924954510206, 0.0064545042119306855, 0.007048428135048811, 0.008186935013629255], "worker_6": [2.060023793002333e-12, 2.521787874211092e-07, 9.946629467817025e-06, 6.314504331387592e-05, 0.0002026109360535891, 0.00043669868601141587, 0.000726561309995945, 0.0010543431479519462, 0.0012633006183998781, 0.0014720539740660072, 0.0015832158740432187, 0.001727337560567905, 0.0017969520747515468, 0.0020160433490962644, 0.0022236710673598096, 0.0023281975167328637, 0.002535593490948651, 0.0025899205139965453, 0.0026853553187281866, 0.002784158363189208], "worker_5": [2.5620648148673787e-19, 4.9632391457531334e-11, 3.952720079630569e-08, 1.1404630625056024e-06, 6.215135848207917e-06, 2.258968670091307e-05, 6.209146821591158e-05, 0.00013095591615264705, 0.000186582221239555, 0.0002683827059583591, 0.00033859487464738236, 0.0004657791160670502, 0.0005396518134952949, 0.0006198413521985211, 0.0006870552730283032, 0.0008025945362935637, 0.0009188288459857927, 0.001075985450384283, 0.0012256336649474097, 0.0013222174390623794], "worker_4": [3.8492864687430284e-14, 3.268408722586218e-08, 3.1416048073842183e-06, 2.7933016020862817e-05, 0.0001122678541811588, 0.0002471289141591185, 0.0004053791783837265, 0.0005816816150823285, 0.000809868592662633, 0.0010176119812258452, 0.0011978748774915454, 0.001287022281516993, 0.0014282331088096942, 0.0016186640338185505, 0.0016645577365747464, 0.0017230472329376626, 0.0018779368350219812, 0.0019162867609888005, 0.0020378408698239142, 0.002317354579212878]}