{"queen": [], "worker_10": [3.456070960708254e-11, 8.115031739496221e-07, 2.1268641157375747e-05, 9.424844740527534e-05, 0.00024218152982322382, 0.0004549754454478724, 0.0007961212047501478, 0.0011705578899609125, 0.001404643297381556, 0.0017026037321717438, 0.0018062923579836886, 0.0020597432036077905, 0.0024165491104733796, 0.002666761012719586, 0.002857574723044633, 0.0029792337986843513, 0.0032462233568595223, 0.003475730622783007, 0.004221308317511316, 0.005053834727035217, 0.0058447133557762545, 0.007003208256653952, 0.00838072784838308, 0.009754010515961045, 0.010947014683767735, 0.01196745748480104, 0.013058986533084665, 0.01406277920227361, 0.014829290540655677, 0.015379101834452479, 0.015758813261790093, 0.0161380565895935, 0.016430160226393157, 0.01693685242433772, 0.01755254841237742, 0.017978835872170005, 0.018313993845696083, 0.018859241270676334, 0.019139216068161012, 0.019493489180820132, 0.01992382935143082, 0.020178919492606355, 0.020384762663643242, 0.020786983383330335, 0.021017742963592774, 0.021088147356757687, 0.021513740015370958, 0.022289048453256285, 0.023359749176407783, 0.024232149303875468, 0.025227209557100803, 0.025722271707504928, 0.02663515166399644, 0.027041907368382943, 0.027501918868257043, 0.02800345338851392, 0.02852831550075698, 0.02839400860964086, 0.028227106950955292, 0.028153566754201557, 0.02822986691329582, 0.029281846465037217, 0.031415508782862304, 0.03324524126163651, 0.03433024652264617, 0.03500176401141724, 0.03592763003808164, 0.03655022474324351, 0.036641114148879994, 0.036879435300846024, 0.03673851597710069, 0.03653815101346819, 0.03619727358168782, 0.036021485530998806, 0.03564609229576914, 0.04085200456984703, 0.04813215440640655, 0.050604747806645235, 0.05063063528025177, 0.050054080668020584, 0.049578035658627596, 0.04855326560087414, 0.047767960064220724, 0.04690229933032895, 0.0459982514684612, 0.04515358945726823, 0.044361849767517586, 0.043728316765170944, 0.0431057531064351, 0.042432356854520126, 0.08163762609948794, 0.07183830496973914, 0.06603288662826473], "worker_9": [3.0950121424300324e-07, 0.00010304161860452986, 0.0006545188500262888, 0.0014963877845491672, 0.0022032472181342647, 0.0031692284465035967, 0.0038236690417185327, 0.004527774148570592, 0.0051189536527993, 0.005404104104200614, 0.005623521895958901, 0.005791152018465144, 0.026085029336879513, 0.0198947499859176, 0.01695137371414512, 0.015125536829129316, 0.03432527604499448, 0.027940413867935606, 0.026311617528841792, 0.025682871531474517, 0.02539235985723876, 0.02585985338570212, 0.026318590531923064, 0.026028060556308064, 0.026277090586850484, 0.026308656762819436, 0.02653576667249962, 0.026173595046026277, 0.025782851177758765, 0.02574813437386297, 0.02727371465970482, 0.03322280939682097, 0.036724919703512625, 0.03821206231675747, 0.03773662169649683, 0.037025273516244954, 0.036434376584389715, 0.036280718215161524, 0.03535016057713993, 0.03459117816038582, 0.03373129362554158, 0.03301682074323367, 0.03241010390801949, 0.03187768958306422, 0.03113418189245923, 0.06473245754040743, 0.0596883519204097, 0.05470489213002101, 0.05091888733836997, 0.048235378618402755, 0.04595267916913405, 0.04414647372382488, 0.042512406982746, 0.041079547607272345], "worker_8": [3.8492864687430284e-14, 4.438441202257161e-08, 2.687828868266763e-06, 2.8231386601370533e-05, 8.849867429807329e-05, 0.00017391675896364687, 0.0003285001052572441, 0.0005714478597071273, 0.0007695580952136142, 0.0009622400643081122, 0.0012191884287061688, 0.001378445260333623, 0.00178622636584038, 0.004063212415319815, 0.005951433599048669, 0.007344541510613321, 0.008170475634784395, 0.008925989220726488, 0.009472148139560637, 0.009806542153194353, 0.010175896696027219, 0.010734140100728344, 0.0113847274458633, 0.012124471525664938, 0.01357783470978541, 0.015013124562634723, 0.016408659776442232, 0.017697772241605642, 0.01887400065311213, 0.01953340050617409, 0.019788949399158214, 0.020049324514409515, 0.020163898061793775, 0.02035283392860304, 0.02046969231223258, 0.02072654874833821, 0.020846641077700324, 0.0213136372063335, 0.021580019491116983, 0.021704381455486893, 0.02168229768562731, 0.021720582076224276, 0.021624858026462992, 0.02188654123852429, 0.021920411975908716, 0.021834919895661217, 0.021761379070705158, 0.022107989962654902, 0.022742940930597234, 0.023759127536338007, 0.02508693220047063, 0.026107932285868125, 0.026430691660400196, 0.026968841138490466, 0.027376882522711, 0.02767361866970204, 0.027739258160219764, 0.027746314805838876, 0.027706698563391544, 0.027850936328963176, 0.027753704756731997, 0.02937809460624066, 0.03133844415681789, 0.033251745439349584, 0.03456372122993663, 0.035819037303681384, 0.03591293253798335, 0.03652285105396068, 0.03644272230696335, 0.03668843228936115, 0.036672684521763955, 0.0363558946848409, 0.03591885030947322, 0.03576488276395498, 0.035320772694101145, 0.04096410129813198, 0.04647837323163486, 0.048280424982063135, 0.048508290140283725, 0.04835695804100244, 0.04753187718242852, 0.04728070813895982, 0.046734125804243035, 0.046029742082053814, 0.045158725981781084, 0.044500569686722335, 0.04385741025489575, 0.04312068563479039, 0.04253036215206769, 0.04199767496489097, 0.07582758142931884, 0.06923786861143164, 0.06467090539881731], "worker_3": [3.4560709607147245e-11, 5.446472307996609e-07, 1.5888047183285885e-05, 9.279885980353515e-05, 0.00025251927136092634, 0.0005259696181840038, 0.0008172669021815598, 0.001198616486962238, 0.0014739561675442606, 0.0018160406901152409, 0.002127812602594192, 0.0023388622041095094, 0.0025254004528623528, 0.004390126852705905, 0.008160855838412459, 0.0096991355055595, 0.010203064315609476, 0.01214590186048975, 0.015558266113639094, 0.016969988175565474, 0.01754479421792904, 0.017928969479266685, 0.018274609268462732, 0.01857416829419677, 0.01913339763034249, 0.01943477321814209, 0.020097272159641747, 0.021046392558656875, 0.02164412719986105, 0.022502246304915506, 0.023174871757310443, 0.02437127367861307, 0.025381138167140882, 0.02604742801365275, 0.026276677015217624, 0.026844626697896456, 0.027009586425185316, 0.0273045330625892, 0.027465470192488146, 0.0273359925757774, 0.027302505724454793, 0.027049693512131223, 0.026876684844433483, 0.026489474800032064, 0.026181432202296108, 0.025802653018864044, 0.025478454597000554, 0.02509073774680453, 0.024919731717447335, 0.02497411238633156, 0.02528528804876257, 0.02539903611200493, 0.025841394368529863, 0.02641861009609229, 0.026720574842797863, 0.026717544422552655, 0.027049166280963644, 0.027454015580706186, 0.027435311514088827, 0.027267231401788054, 0.027530806601327677, 0.028109943485656576, 0.029892782590498917, 0.031314880035496234, 0.03322916019809003, 0.03430258521357625, 0.03528740771019985, 0.035773125545854385, 0.035684911659500204, 0.03602785347100801, 0.036216848475162544, 0.03601263546885119, 0.03564322807286839, 0.03571428244552272, 0.03549630946012279, 0.03823662745128182, 0.04517550628428965, 0.046999032643185765, 0.0476050090992616, 0.04794395018908132, 0.04723763235917363, 0.04646859642442568, 0.046210200509460245, 0.045813585185765, 0.0451599189586231, 0.04457769368223488, 0.043871784587087126, 0.0431389695237724, 0.04254899137923283, 0.04201471248198774, 0.07166838951869609, 0.06757941464564854, 0.0639838724565846],