{"queen": [], "worker_10": [3.4560709607082536e-10, 8.115031739496222e-06, 0.0002126864115737575, 0.0009424844740527535, 0.0024218152982322383, 0.004549754454478724, 0.007961212047501477, 0.011705578899609126, 0.01404643297381556, 0.017026037321717438, 0.01806292357983689, 0.020597430781248007, 0.02415696922785768, 0.026521533741789158, 0.02806681870473587, 0.029485224909454526], "worker_9": [3.0950121424300325e-06, 0.0010304161860452987, 0.006545188500262889, 0.014963877845491675, 0.022032472181342654, 0.03169228446503597, 0.038236690417185325, 0.04527774148570592, 0.051189536527993, 0.05404104104200614, 0.05623521895958901, 0.05791152018465144, 0.09882611335977434, 0.0874308692847414, 0.08224909236907424, 0.07909540976422101], "worker_8": [3.8492864687430286e-13, 4.438441202257162e-07, 2.6878288682667634e-05, 0.0002823138660137054, 0.000884986742980733, 0.0017391675896364688, 0.003285001052572441, 0.005714478597071274, 0.007695580952136141, 0.009622400643081121, 0.01219188428706169, 0.013784452603336229, 0.015947564323354268, 0.02228865246030886, 0.027021596696134843, 0.03148984932850212], "worker_3": [3.456070960714725e-10, 5.4464723079966095e-06, 0.00015888047183285889, 0.0009279885980353515, 0.0025251927136092636, 0.005259696181840039, 0.008172669021815598, 0.011986164869622382, 0.014739561675442606, 0.01816040690115241, 0.021278126025941924, 0.023388622041095094, 0.025254004211380705, 0.030181062113433466, 0.03931543236637341, 0.04427962335300717], "worker_2": [5.192455361337403e-05, 0.0031454682732707925, 0.010692724208465749, 0.02094477373545168, 0.02817168434873535, 0.03615227667617986, 0.03952237492170241, 0.04693450192479487, 0.049237043539612245, 0.05101622795501439, 0.05336630723796094, 0.055197426590575825, 0.056614265972321894, 0.057708064368450114, 0.05857469592731896, 0.059294397164798965], "worker_1": [1.3711409947553712e-16, 3.430559847969233e-09, 1.0406222694421305e-06, 2.1084105547601366e-05, 0.00012499486707273234, 0.00041658001350376977, 0.0008453621474064011, 0.0013874993005281756, 0.0023151618479057006, 0.0031479258727847405, 0.003868830744851213, 0.005422025377243796, 0.006976486651048949, 0.010782961132394438, 0.014375140547263925, 0.018252726021976983], "worker_7": [2.562064814867379e-18, 8.400645733302198e-10, 5.61385304271303e-07, 1.5944986701368822e-05, 8.005970548056265e-05, 0.00026092818615626234, 0.0006343635774226163, 0.0012791433073433417, 0.0019666133102476686, 0.0031889566133902203, 0.004079224405423544, 0.004828526438152989, 0.005797612897079328, 0.006865317980589689, 0.008279388716933823, 0.010709871086904474], "worker_6": [5.1924553613277555e-05, 0.003543846688650566, 0.013268553824088395, 0.02616085345367966, 0.03373774943313893, 0.04031565781374233, 0.04741160190724886, 0.05476235762785905, 0.05808596306394847, 0.06055147180463899, 0.06236176350542219, 0.09132101504355514, 0.08721091537395258, 0.08411972634727123, 0.08175827140327377, 0.10810808833443997], "worker_5": [3.849286468729312e-13, 4.005038667394891e-07, 2.1352144581570642e-05, 0.0002269022829357003, 0.0008397234953301186, 0.0017806704225097625, 0.003701976891673805, 0.005967425285200658, 0.008378775793776914, 0.010707493039295251, 0.012438742071171313, 0.015279947292749068, 0.018114826249084292, 0.020629870307424976, 0.02128033178213011, 0.022377768162396745], "worker_4": [6.457890063779885e-12, 8.76313070418143e-07, 6.287522306800788e-05, 0.0005092909422918346, 0.0016359397072989034, 0.0032854050039464733, 0.005242859056566594, 0.007207993066550791, 0.009404627138181295, 0.011048490147215052, 0.013481467470702804, 0.016337491963799383, 0.021047142034059652, 0.027484176173454482, 0.030065822391826237, 0.03317988354279138]}