{"queen": [], "worker_10": [3.456070960708254e-11, 8.115031739496221e-07, 2.1268641157375747e-05, 9.424844740527534e-05, 0.00024218152982322382, 0.0004549754454478724, 0.0007961212047501478, 0.0011705578899609125, 0.001404643297381556, 0.0017026037321717438, 0.0018062923579836886, 0.0020597432036077905, 0.0024165491104733796, 0.002666761012719586, 0.002857574723044633, 0.0029792337986843513, 0.0032462233568595223, 0.003475730622783007, 0.004221308317511316, 0.005053834727035217], "worker_9": [3.0950121424300324e-07, 0.00010304161860452986, 0.0006545188500262888, 0.0014963877845491672, 0.0022032472181342647, 0.0031692284465035967, 0.0038236690417185327, 0.004527774148570592, 0.0051189536527993, 0.005404104104200614, 0.005623521895958901, 0.005791152018465144, 0.026085029336879513, 0.0198947499859176, 0.01695137371414512, 0.015125536829129316, 0.03432527604499448, 0.027940413867935606, 0.026311617528841792, 0.025682871531474517], "worker_8": [3.8492864687430284e-14, 4.438441202257161e-08, 2.687828868266763e-06, 2.8231386601370533e-05, 8.849867429807329e-05, 0.00017391675896364687, 0.0003285001052572441, 0.0005714478597071273, 0.0007695580952136142, 0.0009622400643081122, 0.0012191884287061688, 0.001378445260333623, 0.00178622636584038, 0.004063212415319815, 0.005951433599048669, 0.007344541510613321, 0.008170475634784395, 0.008925989220726488, 0.009472148139560637, 0.009806542153194353], "worker_3": [3.4560709607147245e-11, 5.446472307996609e-07, 1.5888047183285885e-05, 9.279885980353515e-05, 0.00025251927136092634, 0.0005259696181840038, 0.0008172669021815598, 0.001198616486962238, 0.0014739561675442606, 0.0018160406901152409, 0.002127812602594192, 0.0023388622041095094, 0.0025254004528623528, 0.004390126852705905, 0.008160855838412459, 0.0096991355055595, 0.010203064315609476, 0.01214590186048975, 0.015558266113639094, 0.016969988175565474], "worker_2": [5.192455361337403e-06, 0.0003145468273270792, 0.0010692724208465748, 0.0020944773735451674, 0.0028171684348735344, 0.0036152276676179856, 0.00395223749217024, 0.004693450192479486, 0.004923704353961225, 0.005101622795501439, 0.005336630723796093, 0.00551974267391931, 0.005661586254945975, 0.005774845267135228, 0.00588147066944244, 0.005994351250880312, 0.0062974513427222914, 0.007134838350545556, 0.008978108870420548, 0.011682440151889814], "worker_1": [1.371140994755371e-17, 3.430559847969233e-10, 1.0406222694421303e-07, 2.1084105547601366e-06, 1.2499486707273232e-05, 4.165800135037697e-05, 8.453621474064011e-05, 0.00013874993005281755, 0.00023151618479057005, 0.00031479258727847405, 0.0003868830744851213, 0.0005437630042856669, 0.0009077948188246411, 0.0021868084337458957, 0.0035745147260815083, 0.005066680965594018, 0.005810825188031739, 0.006810007264470624, 0.007877192482027928, 0.00881279308830612], "worker_7": [2.5620648148673787e-19, 8.400645733302198e-11, 5.613853042713029e-08, 1.594498670136882e-06, 8.005970548056264e-06, 2.6092818615626234e-05, 6.343635774226163e-05, 0.00012791433073433415, 0.0001966613310247669, 0.00031889566133902204, 0.00040792244054235435, 0.00048285264381529896, 0.0005797612897149076, 0.0006899908644081893, 0.001098692073847612, 0.00257282226846422, 0.004453070654148535, 0.005399560263399177, 0.006797265132448398, 0.008726619927790492], "worker_6": [5.192455361327755e-06, 0.00035438466886505656, 0.0013268553824088395, 0.0026160853453679658, 0.003373774943313893, 0.004031565781374233, 0.004741160190724886, 0.005476235762785904, 0.005808596306394847, 0.0060551471804638985, 0.006236176350542219, 0.02053834062490759, 0.018091406608531282, 0.016169726067770018, 0.0147710579820447, 0.024459322529819985, 0.022114208001390242, 0.020995207420194492, 0.02163264994589661, 0.021688800446850977], "worker_5": [3.849286468729312e-14, 4.0050386673948907e-08, 2.135214458157064e-06, 2.2690228293570027e-05, 8.397234953301186e-05, 0.00017806704225097622, 0.0003701976891673805, 0.0005967425285200658, 0.0008378775793776913, 0.0010707493039295252, 0.0012438742071171312, 0.0015279947315801194, 0.0018115930547505947, 0.00206726121644876, 0.002147067962247717, 0.0023150999947162045, 0.002530164120730341, 0.0026583999023696166, 0.0031700367016483473, 0.003964064733024429], "worker_4": [6.457890063779885e-13, 8.763130704181429e-08, 6.287522306800786e-06, 5.092909422918346e-05, 0.00016359397072989031, 0.00032854050039464726, 0.0005242859056566595, 0.0007207993066550791, 0.0009404627138181296, 0.0011048490147215052, 0.0013481467470702801, 0.0017466110780002203, 0.003499198161488389, 0.0057489423794607536, 0.007072042946348188, 0.008006175405541972, 0.010098719245109784, 0.012047100166181126, 0.013235078739714985, 0.013856173670828214]}