{"queen": [], "worker_10": [3.456070960708254e-11, 8.115031739496221e-07, 2.1268641157375747e-05, 9.424844740527534e-05, 0.00024218152982322382, 0.0004549754454478724, 0.0007961212047501478], "worker_9": [3.0950121424300324e-07, 0.00010304161860452986, 0.0006545188500262888, 0.0014963877845491672, 0.0022032472181342647, 0.0031692284465035967, 0.0038236690417185327], "worker_8": [3.8492864687430284e-14, 4.438441202257161e-08, 2.687828868266763e-06, 2.8231386601370533e-05, 8.849867429807329e-05, 0.00017391675896364687, 0.0003285001052572441], "worker_3": [3.4560709607147245e-11, 5.446472307996609e-07, 1.5888047183285885e-05, 9.279885980353515e-05, 0.00025251927136092634, 0.0005259696181840038, 0.0008172669021815598], "worker_2": [5.192455361337403e-06, 0.0003145468273270792, 0.0010692724208465748, 0.0020944773735451674, 0.0028171684348735344, 0.0036152276676179856, 0.00395223749217024], "worker_1": [1.371140994755371e-17, 3.430559847969233e-10, 1.0406222694421303e-07, 2.1084105547601366e-06, 1.2499486707273232e-05, 4.165800135037697e-05, 8.453621474064011e-05], "worker_7": [2.5620648148673787e-19, 8.400645733302198e-11, 5.613853042713029e-08, 1.594498670136882e-06, 8.005970548056264e-06, 2.6092818615626234e-05, 6.343635774226163e-05], "worker_6": [5.192455361327755e-06, 0.00035438466886505656, 0.0013268553824088395, 0.0026160853453679658, 0.003373774943313893, 0.004031565781374233, 0.004741160190724886], "worker_5": [3.849286468729312e-14, 4.0050386673948907e-08, 2.135214458157064e-06, 2.2690228293570027e-05, 8.397234953301186e-05, 0.00017806704225097622, 0.0003701976891673805], "worker_4": [6.457890063779885e-13, 8.763130704181429e-08, 6.287522306800786e-06, 5.092909422918346e-05, 0.00016359397072989031, 0.00032854050039464726, 0.0005242859056566595]}