{"queen": [], "worker_10": [2.742281989510742e-17, 6.861119695938466e-10, 1.9486419964461327e-07, 3.2968140206164515e-06, 1.7639395159872884e-05, 6.664570748462317e-05, 0.00016979858053206426, 0.00031529475414286906, 0.0005287224530308698, 0.0007087913171809273, 0.000912118298131516, 0.0011952974777080492, 0.0015436098550250083, 0.0019401170762285255, 0.0021330935833380467, 0.0023141045554184655, 0.0027125108889125313, 0.0028980365039228454, 0.0030432826399376203, 0.0031289535792974545], "worker_9": [2.7422819895195685e-17, 1.4670968980331478e-09, 3.9470404563153386e-07, 5.911836637521266e-06, 2.9219455159054624e-05, 8.614718669335466e-05, 0.0001996593997880731, 0.00039956758631299054, 0.0005747982939282554, 0.0007796235297475015, 0.0009776320094418026, 0.001312996272286034, 0.0016584020464216784, 0.0018881754096956066, 0.0020790868861925217, 0.0023682517743575976, 0.0025397407224384645, 0.0028473313786104054, 0.0030048305490759466, 0.0033712883407882744], "worker_8": [1.291578012755977e-12, 2.499561487375279e-07, 1.1287707079639731e-05, 8.546282939990585e-05, 0.00024617305185859893, 0.0006235261053353393, 0.001002790086635379, 0.0015331357469015453, 0.001977582255447391, 0.0024411173571247374, 0.0028007242651773914, 0.0030732278355517393, 0.0035346834000654424, 0.004215867834371674, 0.004446897629226042, 0.0044729789179808604, 0.004746233531173327, 0.004953832941925479, 0.005155285585144945, 0.005438938352048027], "worker_3": [5.124129629732973e-19, 1.8269002215567448e-10, 9.105553322596743e-08, 2.280926125010982e-06, 1.2661105856413195e-05, 4.9138391902242154e-05, 0.00013031701486119124, 0.00022753872178571922, 0.00037979449284139983, 0.0005468700194111597, 0.0007082305632488498, 0.0009665103774430988, 0.0012333088242250303, 0.0014931015201111147, 0.0018031648108948913, 0.002152101299622192, 0.0022598028498801996, 0.0025706507420806056, 0.0029215083524179956, 0.0030659692651953674], "worker_2": [4.120047586004666e-12, 3.2255881602442794e-07, 1.8511292066865213e-05, 0.00010594886123059397, 0.0003298159429709884, 0.0006944063442253053, 0.0011951673304559738, 0.001789283294288124, 0.002294561325813567, 0.002930303107591081, 0.0033750951079942943, 0.0036637177889950836, 0.004121907498478167, 0.004610588295199131, 0.004907379082128795, 0.005297868560871176, 0.005719901059537026, 0.005817676047991323, 0.006073983330893008, 0.00683430780736485], "worker_1": [4.120047586004666e-12, 5.601953092023204e-07, 2.836665280802831e-05, 0.00016894640494877187, 0.00042809055454607524, 0.0009044321594882686, 0.0013614794167927143, 0.001858700607225702, 0.0023512111318251734, 0.002930303107591081, 0.0034646281892969834, 0.003694222407906975, 0.0040274109834019505, 0.004322129925377364, 0.004745230564395691, 0.005104792306883404, 0.005463663581154696, 0.005819019315734754, 0.006347381006042914, 0.006757667842554649], "worker_7": [1.0384910722688807e-05, 0.0007949507299269261, 0.0028618233269873616, 0.005248546798408005, 0.006675068452409362, 0.007774781430780288, 0.00970155512752792, 0.010397497383855895, 0.011092441168375648, 0.011616841104719354, 0.012009478692611106, 0.03380137549447973, 0.03274811266823568, 0.03023958020651679, 0.028072072250857717, 0.04135131430713904, 0.03963384344866067, 0.03836008447068179, 0.03782098481123293, 0.03906461461367604], "worker_6": [1.291578012760584e-12, 2.043911376353872e-07, 1.0373082866241108e-05, 9.281251931844147e-05, 0.00033594073155261526, 0.0007193806494996294, 0.0011398054953944423, 0.0015773601297548309, 0.0019945741541823885, 0.0024572820163480252, 0.0026671604739325274, 0.002838957067441282, 0.0031402994991402114, 0.0034034746248116647, 0.003701274687384724, 0.0041429073783945045, 0.0043585600881021055, 0.00451274152649154, 0.004625155498425533, 0.00503043098573142], "worker_5": [1.0384910722688807e-05, 0.0007194810144220933, 0.0027073192779523084, 0.005292026416089733, 0.0073623520881732196, 0.008470888015290468, 0.009770402117842983, 0.010247821445157722, 0.010950389338597134, 0.01148286431587091, 0.011883498706761617, 0.029375106335327375, 0.030493227190354754, 0.02887130321210217, 0.02714171112659526, 0.037013132639703995, 0.03688910041658969, 0.03685084884124294, 0.03702459717148264, 0.038443153913993985], "worker_4": [4.120047586004666e-12, 3.8453526187163993e-07, 1.4218552078425022e-05, 0.0001211411670994235, 0.00036684328843153094, 0.0006877260895038572, 0.0012134899772028075, 0.001835496735387259, 0.002427666652105119, 0.003188198000942178, 0.0036068419913985895, 0.0041465227342542335, 0.00471586061133148, 0.005227840673808123, 0.005388893448231316, 0.005649079999757812, 0.006139381102297305, 0.006371995338364353, 0.006845974509262606, 0.006989586013180508]}