{"queen": [], "worker_10": [9.574764580252571e-21, 2.5477376653596958e-11, 2.2819975059480345e-08, 8.071115121674339e-07, 7.862737004543823e-06, 3.512128333475113e-05, 9.599798498809363e-05, 0.00020202327829715885, 0.00034872964469808, 0.0004964392650906973, 0.0007095194265185109, 0.0010004368520803932, 0.0011422156063237588, 0.0014694564110275736, 0.0017758524290126844, 0.0019933079541541365, 0.004904829120575882, 0.01378557574272679, 0.022104464395126908, 0.0303892402487162], "worker_9": [1.0384910722688807e-05, 0.0007087693377312431, 0.002982590689314716, 0.005550157122426008, 0.007077207854179103, 0.008929722732477727, 0.00981096345983855, 0.010397497383855895, 0.011092441168375648, 0.011616841104719354, 0.012009478692611106, 0.07710628940694784, 0.062130534012337424, 0.05308259298619554, 0.04691068715712468, 0.10333430806604185, 0.08643425160836837, 0.07753834863373656, 0.0729773377938408, 0.0703392083265687], "worker_8": [9.574764580286723e-21, 2.8248514363094857e-11, 4.2357108039795283e-08, 9.949692566110526e-07, 8.228755309628898e-06, 2.6051030097767674e-05, 6.018782323537688e-05, 0.000127486175466743, 0.00019742376736343566, 0.00029637073417136043, 0.0004710440028251251, 0.0006666329227481133, 0.0011556426194962754, 0.003185735576215745, 0.007435995124720961, 0.012268044918869682, 0.01636849373962913, 0.019885966868040925, 0.022774731955528624, 0.0674154070245876], "worker_3": [1.0384910722688807e-05, 0.000654931165803576, 0.0020373004395332897, 0.0034223458607166744, 0.0053654457645387526, 0.0075311820831567905, 0.009233679583104441, 0.010301120142745118, 0.011000999395057682, 0.011530617221429944, 0.011928416584519484, 0.06595001119578989, 0.0559255782404047, 0.04914779605456986, 0.04413984042907012, 0.08985825549901043, 0.0757749827056418, 0.06826226301168671, 0.06525213098917408, 0.06215661530219897], "worker_2": [1.291578012760584e-12, 1.416395574982403e-07, 1.004137709065798e-05, 6.613555761022843e-05, 0.00019112635474125453, 0.0004460319714797995, 0.0007357035084023908, 0.0011208251404426612, 0.001569161943120781, 0.0019384833097150834, 0.0024243413234834206, 0.002636569145791169, 0.002968382760192686, 0.0034636768029504463, 0.0037292454657822075, 0.004057097879497178, 0.004562588811037388, 0.005236870700098734, 0.005693599407253209, 0.04187022016863373], "worker_1": [7.698572937471753e-14, 6.536817445166468e-08, 5.866242260889208e-06, 5.184230630972243e-05, 0.00017551679789238077, 0.00042413733293402697, 0.0006990734163738041, 0.0012089505224081394, 0.0017927735762452183, 0.0022984980039607327, 0.00262673514777081, 0.003157251733310775, 0.004229846560885001, 0.006610019008971242, 0.009068293631358151, 0.011136057822575885, 0.013521198054388023, 0.016810979448082686, 0.020210825453954907, 0.023403282224104774], "worker_7": [7.698572937458623e-14, 6.194739216449916e-08, 3.844131136098341e-06, 3.681688390649713e-05, 0.00011475905477146689, 0.0002536758581244648, 0.0004926638998717955, 0.0007927995587455834, 0.0011676417631764295, 0.0014656603162742426, 0.001723614441305733, 0.0022380609656162107, 0.005027258017437611, 0.009022851661992171, 0.013316188851603412, 0.015622725275317322, 0.019833168302086104, 0.02456024302042794, 0.027842502521334137, 0.02974499475624016], "worker_6": [4.120047586012307e-12, 3.2482464887709303e-07, 1.191598684421828e-05, 8.136592208929881e-05, 0.000275155048363023, 0.0006338468095198158, 0.0010979327115329107, 0.001554847773171125, 0.0020989360445588445, 0.0024044131655233023, 0.002818091458439465, 0.005143563320744752, 0.011649009770507283, 0.01664244185221466, 0.01917213592189517, 0.02170898162577208, 0.0286354039224812, 0.033129056487960676, 0.03502698730790898, 0.03554830018931628], "worker_5": [7.698572937458623e-14, 8.876882404498821e-08, 7.93445181258406e-06, 5.368891415455801e-05, 0.00016312793220272967, 0.00039877232291182, 0.0007386522159107712, 0.0011453985402559831, 0.0015802724014986071, 0.0021794136395993056, 0.0027194332767599273, 0.0033101000693388093, 0.00395130862124895, 0.004408355450518222, 0.004470870604174941, 0.0046815062066200034, 0.046329692537744896, 0.033219016151823086, 0.05191125997628486, 0.043498628738748664], "worker_4": [1.0384910722669493e-05, 0.0007367732204717569, 0.00300454341583807, 0.004826884547862279, 0.006448705799369341, 0.008286563483775301, 0.009880586865302505, 0.010629441393432379, 0.011312123329073793, 0.0118236984962488, 0.012203730498392934, 0.012482301421896122, 0.012682560757705828, 0.012828367686458963, 0.012945710871091982, 0.013061794691993037, 0.014152253808302604, 0.017468815399214657, 0.021696405341351716, 0.026696314346990584]}