{"queen": [], "worker_10": [3.456070960708254e-11], "worker_9": [3.0950121424300324e-07], "worker_8": [3.8492864687430284e-14], "worker_3": [3.4560709607147245e-11], "worker_2": [5.192455361337403e-06], "worker_1": [1.371140994755371e-17], "worker_7": [2.5620648148673787e-19], "worker_6": [5.192455361327755e-06], "worker_5": [3.849286468729312e-14], "worker_4": [6.457890063779885e-13]}