{"queen": [], "worker_10": [3.4560709607147245e-11, 9.504050827270189e-07, 2.6577555292721232e-05, 0.0001477925129780065, 0.00033485163961030965, 0.0005499955116081977, 0.0007319264371364187, 0.0009645611621474173, 0.0012633708037174654, 0.0016257328302741987, 0.0018542089100718837, 0.004786725850531064, 0.010219631460208455, 0.014109702367868855, 0.015805954828389677, 0.018140819083190183, 0.024319882346321712, 0.02767131397619893, 0.028751781296732965, 0.028696873300469945], "worker_9": [6.457890063788581e-13, 7.08197787490385e-08, 3.5628724482524262e-06, 2.2869619265348227e-05, 6.782206424061074e-05, 0.0001721145289743725, 0.0002728229017543775, 0.0003923574340555712, 0.0005479616690025315, 0.0007746520548570189, 0.0009259773602800338, 0.0010771788222278225, 0.0015422730163617343, 0.0027608357008878756, 0.003973778988308782, 0.005017601315221684, 0.006323811268999161, 0.008053352960552691, 0.009998910027226119, 0.011794784745199764], "worker_8": [2.562064814875625e-19, 8.31705791248662e-11, 4.070383832759602e-08, 1.2877987616304418e-06, 9.927290501648385e-06, 3.324519105890834e-05, 6.955435904235794e-05, 0.00011376936089290982, 0.0001691269784345267, 0.0002729978635012427, 0.0004015023648027213, 0.0004811656135899603, 0.0005781580313221304, 0.0006746705630232545, 0.0007493945789562375, 0.0008070710592182438, 0.0008602145726758635, 0.0009901681020084928, 0.0011619844153130119, 0.0012274166166897184], "worker_3": [2.56206481485824e-19, 6.884748328343941e-11, 5.928298851697137e-08, 1.1467528904882624e-06, 8.583035008536303e-06, 2.3918689192377183e-05, 5.867637427412878e-05, 0.00012064601340150148, 0.00018215755630070587, 0.00025715113070378043, 0.000329979854445869, 0.0003929450795896244, 0.0004855255120102583, 0.0006378066278551532, 0.00076795134316672, 0.0008406718495316176, 0.0009606507329694564, 0.001013877943867316, 0.0011836282040794135, 0.0013577476260305708], "worker_2": [5.192455361337403e-06, 0.0003052505637629989, 0.0014025777143620581, 0.0026665994790651534, 0.003572380850617393, 0.004455569254399924, 0.004816596633242001, 0.005222195777357435, 0.005568449895457841, 0.0058293685500775795, 0.006024423413215388, 0.006168503343812864, 0.0062729440643712105, 0.006346410173826594, 0.00639571956889622, 0.006432788889581192, 0.007254131464509118, 0.009966284605511678, 0.012575494974117071, 0.01439324773181198], "worker_1": [2.0600237930061533e-12, 2.521787874213368e-07, 1.4063279054408879e-05, 8.402037707185697e-05, 0.00022127086146547304, 0.00046902689771732966, 0.0006772477483571288, 0.0009348263066413598, 0.0011821548836353972, 0.0013693808274918653, 0.0015339126799772456, 0.0018734648434949972, 0.002035039063615683, 0.002260857114564975, 0.0025322110761543453, 0.0027138729913289052, 0.0028982098273986176, 0.002950585980302381, 0.031070181948498973, 0.024357310999778045], "worker_7": [3.456070960708254e-11, 7.17044784356905e-07, 1.8223896781173665e-05, 0.00010721212540853472, 0.0003010533728056134, 0.00048694935210330694, 0.0007223697710731591, 0.0009090142256214321, 0.0011264388181384038, 0.0013027907405426412, 0.0014840522065580526, 0.0017005789658051777, 0.0028372823611000283, 0.005025536574464624, 0.006816591275643371, 0.008409177434597894, 0.010333429825181506, 0.012938610808448953, 0.01525123753591646, 0.0169433984161519], "worker_6": [2.0600237930127986e-12, 2.8009765460185925e-07, 1.2246421176437738e-05, 5.656748530653135e-05, 0.00018461776808980837, 0.00043163347255619725, 0.0006729560436272165, 0.0009647420343212792, 0.0012934116145754257, 0.0014798025797073153, 0.0017935294070455551, 0.0020160992372124367, 0.0024014962912934025, 0.0026530781511090126, 0.0028841066261014584, 0.0031275014920294102, 0.0034208984614909547, 0.003592741533384735, 0.004725135632507724, 0.006676087580108961], "worker_5": [6.457890063788581e-13, 1.3498157884094092e-07, 5.504506300342377e-06, 3.740986193112229e-05, 0.00012750907910849034, 0.00028005708378847557, 0.0004901345838650867, 0.000719763902029832, 0.001026061652221342, 0.0012805743485264697, 0.0014341817903101126, 0.0016730772142638662, 0.0017611668164420537, 0.001905226956071597, 0.002110432358207129, 0.0022420178912625622, 0.0023605166217401806, 0.0025395489268437072, 0.04487648211927048, 0.03433188520717266], "worker_4": [6.457890063811616e-13, 8.763130704203159e-08, 4.700021509347935e-06, 2.680087025865001e-05, 8.753927696633202e-05, 0.00018373480751223485, 0.00033852860258834196, 0.0004888158068244027, 0.0007464823726756792, 0.0008955732058855424, 0.00113304951978665, 0.0013238990934089142, 0.001619147266179816, 0.0017705966801570402, 0.0019544745509148228, 0.0022295945592717224, 0.0022926783465145742, 0.0024839246471175585, 0.0032342111849921573, 0.004751512326107838]}