{"queen": [], "worker_10": [3.4560709607082536e-10, 8.115031739496222e-06, 0.0002126864115737575, 0.0009424844740527535, 0.0024218152982322383, 0.004549754454478724, 0.007961212047501477, 0.011705578899609126, 0.01404643297381556, 0.017026037321717438, 0.01806292357983689], "worker_9": [3.0950121424300325e-06, 0.0010304161860452987, 0.006545188500262889, 0.014963877845491675, 0.022032472181342654, 0.03169228446503597, 0.038236690417185325, 0.04527774148570592, 0.051189536527993, 0.05404104104200614, 0.05623521895958901], "worker_8": [3.8492864687430286e-13, 4.438441202257162e-07, 2.6878288682667634e-05, 0.0002823138660137054, 0.000884986742980733, 0.0017391675896364688, 0.003285001052572441, 0.005714478597071274, 0.007695580952136141, 0.009622400643081121, 0.01219188428706169], "worker_3": [3.456070960714725e-10, 5.4464723079966095e-06, 0.00015888047183285889, 0.0009279885980353515, 0.0025251927136092636, 0.005259696181840039, 0.008172669021815598, 0.011986164869622382, 0.014739561675442606, 0.01816040690115241, 0.021278126025941924], "worker_2": [5.192455361337403e-05, 0.0031454682732707925, 0.010692724208465749, 0.02094477373545168, 0.02817168434873535, 0.03615227667617986, 0.03952237492170241, 0.04693450192479487, 0.049237043539612245, 0.05101622795501439, 0.05336630723796094], "worker_1": [1.3711409947553712e-16, 3.430559847969233e-09, 1.0406222694421305e-06, 2.1084105547601366e-05, 0.00012499486707273234, 0.00041658001350376977, 0.0008453621474064011, 0.0013874993005281756, 0.0023151618479057006, 0.0031479258727847405, 0.003868830744851213], "worker_7": [2.562064814867379e-18, 8.400645733302198e-10, 5.61385304271303e-07, 1.5944986701368822e-05, 8.005970548056265e-05, 0.00026092818615626234, 0.0006343635774226163, 0.0012791433073433417, 0.0019666133102476686, 0.0031889566133902203, 0.004079224405423544], "worker_6": [5.1924553613277555e-05, 0.003543846688650566, 0.013268553824088395, 0.02616085345367966, 0.03373774943313893, 0.04031565781374233, 0.04741160190724886, 0.05476235762785905, 0.05808596306394847, 0.06055147180463899, 0.06236176350542219], "worker_5": [3.849286468729312e-13, 4.005038667394891e-07, 2.1352144581570642e-05, 0.0002269022829357003, 0.0008397234953301186, 0.0017806704225097625, 0.003701976891673805, 0.005967425285200658, 0.008378775793776914, 0.010707493039295251, 0.012438742071171313], "worker_4": [6.457890063779885e-12, 8.76313070418143e-07, 6.287522306800788e-05, 0.0005092909422918346, 0.0016359397072989034, 0.0032854050039464733, 0.005242859056566594, 0.007207993066550791, 0.009404627138181295, 0.011048490147215052, 0.013481467470702804]}