{"queen": [], "worker_10": [3.4560709607082536e-10, 8.115031739496222e-06, 0.0002126864115737575, 0.0009424844740527535, 0.0024218152982322383, 0.004549754454478724], "worker_9": [3.0950121424300325e-06, 0.0010304161860452987, 0.006545188500262889, 0.014963877845491675, 0.022032472181342654, 0.03169228446503597], "worker_8": [3.8492864687430286e-13, 4.438441202257162e-07, 2.6878288682667634e-05, 0.0002823138660137054, 0.000884986742980733, 0.0017391675896364688], "worker_3": [3.456070960714725e-10, 5.4464723079966095e-06, 0.00015888047183285889, 0.0009279885980353515, 0.0025251927136092636, 0.005259696181840039], "worker_2": [5.192455361337403e-05, 0.0031454682732707925, 0.010692724208465749, 0.02094477373545168, 0.02817168434873535, 0.03615227667617986], "worker_1": [1.3711409947553712e-16, 3.430559847969233e-09, 1.0406222694421305e-06, 2.1084105547601366e-05, 0.00012499486707273234, 0.00041658001350376977], "worker_7": [2.562064814867379e-18, 8.400645733302198e-10, 5.61385304271303e-07, 1.5944986701368822e-05, 8.005970548056265e-05, 0.00026092818615626234], "worker_6": [5.1924553613277555e-05, 0.003543846688650566, 0.013268553824088395, 0.02616085345367966, 0.03373774943313893, 0.04031565781374233], "worker_5": [3.849286468729312e-13, 4.005038667394891e-07, 2.1352144581570642e-05, 0.0002269022829357003, 0.0008397234953301186, 0.0017806704225097625], "worker_4": [6.457890063779885e-12, 8.76313070418143e-07, 6.287522306800788e-05, 0.0005092909422918346, 0.0016359397072989034, 0.0032854050039464733]}