{"queen": [], "worker_10": [4.120047586017927e-12, 2.929598285935391e-07, 1.4877960090685724e-05, 7.745572928004194e-05, 0.00025706648586079633, 0.0005540790135570245, 0.0009474325683233619, 0.0012861170576021483, 0.0016551224861778282, 0.001972409453326438, 0.0024419261680709735, 0.002930173847531464, 0.003542713520036624, 0.004094339711190799, 0.00429838761026374, 0.004653631119527278, 0.005067756254549453, 0.005415726551146377, 0.005745230836196427, 0.006168744144572534], "worker_9": [5.124129629732973e-19, 2.0665295644551579e-10, 1.2177027043043357e-07, 2.187931453922055e-06, 1.5481329701842233e-05, 5.418426980973864e-05, 0.00013885061306635616, 0.00027151243219998306, 0.0004744640509309308, 0.0007221343118983974, 0.0009780764886374517, 0.001334339958135925, 0.0015874417132701027, 0.001886277787728135, 0.002028385140167161, 0.0022327668392059345, 0.0025084587422490767, 0.00277755839922261, 0.0029526956450996833, 0.0030674897845992476], "worker_8": [7.698572937444291e-14, 7.26777663054884e-08, 5.866242260882237e-06, 5.0499151804211446e-05, 0.0001828076948772458, 0.0003687272834981362, 0.0006486998008521219, 0.0009819794936469436, 0.001238123886012124, 0.0016854892343790065, 0.00197947685659152, 0.0024845794798755948, 0.0029047708424706636, 0.0034115846511934655, 0.0036500467591543315, 0.003858477983003005, 0.004100064310376698, 0.0045108097753321025, 0.004771907117768978, 0.020105707708693927], "worker_3": [5.124129629732973e-19, 1.8638060537546394e-10, 8.032944515728608e-08, 1.591945029264882e-06, 1.0634833195312566e-05, 3.1938344498526167e-05, 8.343279751664758e-05, 0.0001816025358720658, 0.00028926768958769723, 0.0004202337693952493, 0.0006181176343215525, 0.0007616473877040904, 0.0010020103692407775, 0.0012305077534731051, 0.0014065032310579314, 0.0016598737609179407, 0.001756072875360715, 0.0019824227571977925, 0.002134099579379058, 0.002308736289483876], "worker_2": [1.2915780127623232e-12, 2.309694609770443e-07, 1.4067693533218828e-05, 9.294022430896e-05, 0.0002629949291503629, 0.00048253685476167246, 0.0008390378064499889, 0.0013829966716526318, 0.0017936701871657306, 0.002073122382353061, 0.0027558934361104283, 0.0031364871180948454, 0.00326958215528936, 0.0033728170634116073, 0.003606507953402744, 0.00400692269036204, 0.004369514844111365, 0.004472862414394039, 0.004860736320373826, 0.005351830232669686], "worker_1": [9.574764580218419e-21, 1.6773342538163704e-11, 1.9878450438249843e-08, 8.969156655679406e-07, 5.666291042334155e-06, 1.897851047751052e-05, 4.430884624440881e-05, 0.00010885404316917403, 0.00021640037921884377, 0.0003013466161509523, 0.0004103071639688785, 0.0005170771226410677, 0.0006483165080279959, 0.0007974888758558321, 0.0010213309673093053, 0.0011711563010567427, 0.0012865854137389793, 0.0015569417344883515, 0.0016811146344425283, 0.0019267659146266335], "worker_7": [5.124129629734757e-19, 9.378836945345279e-11, 4.8398536701754184e-08, 1.047159813372295e-06, 6.963169549443439e-06, 3.1818799993095964e-05, 8.307005972400016e-05, 0.00014893469639111243, 0.00023249123407923877, 0.0003896158097502239, 0.0005800346697397833, 0.0007910480428129577, 0.0010407794353896405, 0.0012393728224581976, 0.0015199943930591143, 0.001701468244941745, 0.0018519821068491064, 0.002180496567010194, 0.0022893721026265414, 0.002552131461970081], "worker_6": [6.912141921438756e-11, 1.9749245553036945e-06, 4.61492597983506e-05, 0.0002499051715712468, 0.0005831443463137786, 0.001149854430563681, 0.0018200384521809062, 0.002540383730310969, 0.0031455417269760162, 0.004026936312949111, 0.0046125790151235364, 0.005356505234221576, 0.005808239885205176, 0.006208546990560941, 0.006562073557712476, 0.006873586688330403, 0.007173736665885499, 0.007627574040435963, 0.008348456070874625, 0.009272081018991294], "worker_5": [7.698572937471753e-14, 8.010077334796397e-08, 6.930146371593561e-06, 6.37013999149642e-05, 0.00022022169684987082, 0.0004385135159304396, 0.0008818042145053806, 0.0014011805706632481, 0.0019345505304972296, 0.0021846505140598743, 0.0023967300349242754, 0.0027123400652977843, 0.003354028616607664, 0.0035164874388177005, 0.003833481167942765, 0.004070529176367607, 0.004254879126136592, 0.004661765104213025, 0.0051071597979746985, 0.005519741783465694], "worker_4": [4.120047586004666e-12, 6.842240943996496e-07, 1.9711737308461834e-05, 0.00013409942940749604, 0.0003750407736429016, 0.0008428654181444068, 0.0012951717912569138, 0.0018632367160812272, 0.0025043812088622113, 0.002883214643719826, 0.0032116574406200094, 0.003506885849380169, 0.0038226023189711234, 0.004318272601555143, 0.004969271804485445, 0.005335080919078797, 0.00563165747115751, 0.005922890229373431, 0.006283802128246235, 0.007112076773620157]}