{"queen": [], "worker_10": [3.4560709607082536e-10, 8.115031739496222e-06, 0.0002126864115737575], "worker_9": [3.0950121424300325e-06, 0.0010304161860452987, 0.006545188500262889], "worker_8": [3.8492864687430286e-13, 4.438441202257162e-07, 2.6878288682667634e-05], "worker_3": [3.456070960714725e-10, 5.4464723079966095e-06, 0.00015888047183285889], "worker_2": [5.192455361337403e-05, 0.0031454682732707925, 0.010692724208465749], "worker_1": [1.3711409947553712e-16, 3.430559847969233e-09, 1.0406222694421305e-06], "worker_7": [2.562064814867379e-18, 8.400645733302198e-10, 5.61385304271303e-07], "worker_6": [5.1924553613277555e-05, 0.003543846688650566, 0.013268553824088395], "worker_5": [3.849286468729312e-13, 4.005038667394891e-07, 2.1352144581570642e-05], "worker_4": [6.457890063779885e-12, 8.76313070418143e-07, 6.287522306800788e-05]}