{"queen": [], "worker_10": [5.192455361337403e-06, 0.00037960565265154314, 0.0013060122823052407, 0.002432219117748412, 0.003337534226203782, 0.004483503766564667, 0.005222977208380215, 0.0059453265677225, 0.006383572098766095, 0.006779536140419901, 0.00696858843775727, 0.006779858546933264, 0.006676230115680994, 0.006881845455254281, 0.007005480672252392, 0.006889989093129516, 0.007362230912658348, 0.008712829430778056, 0.0095197187979683, 0.010056795296788615], "worker_9": [2.5620648148664865e-19, 1.1001796451195316e-10, 5.572835369294856e-08, 1.5135144149711849e-06, 1.0665215741897704e-05, 4.060915198280485e-05, 8.331333253716978e-05, 0.00016748993301104155, 0.0002502973931826366, 0.0003293312123334572, 0.0004256328241841248, 0.0005067637177848751, 0.0005751195819734186, 0.0007081149354306424, 0.000767660883597539, 0.0008903922982601594, 0.0009608662009144095, 0.001079248679050999, 0.0012414226569479369, 0.001320610185222747], "worker_8": [3.456070960703588e-11, 1.060916350732099e-06, 2.5230840458212917e-05, 0.0001356983423498376, 0.00032456556564208555, 0.0006867086532392834, 0.0009813858708736202, 0.0012698743568794687, 0.0016167120700982325, 0.001963853640887444, 0.002190123951799188, 0.00226020663445898, 0.002450386539986594, 0.0027581645033765154, 0.0029889618816855974, 0.0031656056430610043, 0.003325163075997025, 0.0034443727440535295, 0.0037205702155966246, 0.004176492220832554], "worker_3": [2.5620648148673787e-19, 9.134501107785443e-11, 7.388346528711511e-08, 1.8108735855627362e-06, 1.0238832309621644e-05, 3.7759740154160504e-05, 7.986381540530276e-05, 0.0001495843949570403, 0.00024198409622268547, 0.000326494782596776, 0.0004149352625213981, 0.0005734017019112577, 0.0006890995048754109, 0.0008593820300796272, 0.0009661779954220676, 0.0011348856204096954, 0.0013134647281565978, 0.0013659943262318835, 0.0014045919481724474, 0.001488826104414685], "worker_2": [6.457890063811616e-13, 9.801674381186883e-08, 5.336484401134423e-06, 4.188004066939594e-05, 0.0001209996400704152, 0.0002513660190340169, 0.00042385622276424673, 0.000600558913933587, 0.0007240583647801366, 0.0010117775025468587, 0.0011351114837635523, 0.0014085787834611097, 0.0016162229877069302, 0.0017744561747232866, 0.001892236502801592, 0.0020865262882329093, 0.0022625997875553956, 0.0023904287787817648, 0.002489515160832186, 0.0027950919664525274], "worker_1": [3.456070960708254e-11, 7.99621346151912e-07, 1.9966723752740527e-05, 9.887034573816261e-05, 0.0003157616216766481, 0.0005935729475179921, 0.0009204791026614257, 0.0012675747942217932, 0.0014269812050115868, 0.0017441349227557766, 0.0018778733874374612, 0.0020193780617903338, 0.0024088040967961064, 0.0025939260215688694, 0.0028359948623697217, 0.0028236542349486075, 0.0030048941549158524, 0.0031820121994811284, 0.003394830410724812, 0.0034549924124627697], "worker_7": [3.849286468729312e-14, 2.2201022228523896e-08, 1.6524082327012523e-06, 2.078921537373117e-05, 8.035767221806903e-05, 0.00019433370061059326, 0.000387071173295464, 0.0006200875915535849, 0.0008762972294249167, 0.00103863638805953, 0.0011431370989668141, 0.0013212539412599878, 0.0014885228402653592, 0.0016938934739026373, 0.001902355390517669, 0.002035836661324347, 0.0021963011114087966, 0.0022810017600443278, 0.0024530823950526955, 0.0025980307519188743], "worker_6": [5.192455361344404e-06, 0.00030198669496187284, 0.0013268553824102424, 0.00255404673849831, 0.0032993724336370612, 0.0039665822587367444, 0.004494494936614302, 0.004866709107012476, 0.005362010200949272, 0.005822668629451889, 0.0057233199540570314, 0.005774526367265138, 0.005745621519765475, 0.005898770821273846, 0.005880211884968327, 0.00571847971146922, 0.005950099781193216, 0.006398043836082632, 0.007147086312065575, 0.00812759108308333], "worker_5": [2.0600237930127986e-12, 2.8009765460185925e-07, 9.255646033448275e-06, 6.148599068817667e-05, 0.00020769851244221537, 0.0003844870539986566, 0.0006672124993382912, 0.0009471175778364808, 0.001192709768123086, 0.001472053974066735, 0.0016582723767799357, 0.0018048116560405948, 0.001999658774150209, 0.0021230444888345, 0.00218954289311453, 0.0022425068513427142, 0.0025012120631321857, 0.0026079483921256905, 0.002796648636887523, 0.0030423205894292097], "worker_4": [6.457890063811616e-13, 1.1092877382111653e-07, 4.829455612322054e-06, 4.188004066939594e-05, 0.00014897635024141643, 0.0002872185582590404, 0.0005105383353470184, 0.0007588929633944887, 0.0009799863759418232, 0.0011907206204217816, 0.0014540710351090697, 0.0016474817459341219, 0.001842867361046361, 0.0020229673606639866, 0.002212211728977006, 0.002387136117660646, 0.002598434493317676, 0.002837631838989998, 0.0030236888154818687, 0.003280803186420436]}