{"queen": [], "worker_10": [1.2915780127577161e-12, 2.598320594283253e-07, 1.4199606642217906e-05, 9.184308630039041e-05, 0.0002921696862481672, 0.0006442846510318274, 0.001006881197515252, 0.0012811429974815944, 0.0016802298027090363, 0.0021590231369321548, 0.0028083730294610016, 0.00313491926653301, 0.003626116334806712, 0.003830237800935165, 0.0044862028100646325, 0.004687492544574509, 0.040418000434040376, 0.0335343550231707, 0.029032554872044914, 0.02653382135446324], "worker_9": [6.912141921416508e-11, 1.9319506616106434e-06, 4.44877671269581e-05, 0.0002713966846997666, 0.0006420298176981196, 0.0013192349938129994, 0.001870784063637208, 0.0024560764671403643, 0.0031052593444787237, 0.003900309335544483, 0.0040982492378607936, 0.00465555790444029, 0.0052634019664397355, 0.005665882163157984, 0.006025135553147733, 0.006344877694264351, 0.006631518360076458, 0.006943103850823294, 0.0073936131069868094, 0.008011304079303337], "worker_8": [1.2915780127577161e-12, 2.6996315768188183e-07, 1.0256184934049287e-05, 7.34023930767455e-05, 0.00026873741517984603, 0.0005285517048947932, 0.0009276114132267311, 0.0012564027108401747, 0.0017247760879928935, 0.0022700591033648306, 0.0028282291595461005, 0.0033706426426424125, 0.0037022155067774213, 0.0037894186036010625, 0.004160103601065082, 0.004586210347776289, 0.038570700406905016, 0.03282474478810946, 0.02861689323657702, 0.02619719074771647], "worker_3": [4.120047586012307e-12, 5.601953092028169e-07, 2.5327250875744966e-05, 0.00016191662372142058, 0.0004637449613853229, 0.0007845084153720046, 0.001094878440840241, 0.0016303833083232055, 0.001956926275482715, 0.0025300925109456086, 0.0029295024468303558, 0.003453667654490318, 0.003814231177927218, 0.004141400571943588, 0.004258881830401386, 0.0047021638708255355, 0.005243721253850368, 0.005530438704355317, 0.005866386654108662, 0.006301783164891507], "worker_2": [7.698572937444291e-14, 5.284090004791902e-08, 4.256927280372685e-06, 3.658292281608166e-05, 0.00011444962324531929, 0.000272092106559002, 0.00043455703296272014, 0.000670824750901675, 0.0010186014637609579, 0.0012685263457317042, 0.0016690284441627054, 0.002051822499107688, 0.002481573823481384, 0.002864185548692173, 0.0032338497860624742, 0.0037847943435536918, 0.004102839220390879, 0.0044057717240194244, 0.004548150152069029, 0.005205121711497966], "worker_1": [4.120047586017927e-12, 4.063787036960998e-07, 2.2901771365757895e-05, 0.0001482583759052911, 0.000397833966854787, 0.0006698523397707843, 0.001190311184487425, 0.0018081697492009566, 0.0022888320870450138, 0.0029674585141700564, 0.00324585257167486, 0.0038246938356971696, 0.00456734204246792, 0.004902689993687724, 0.005074391643127703, 0.0055904179624826035, 0.005885254034946793, 0.006180166408273287, 0.006560100830645299, 0.007071515467658372], "worker_7": [2.7422819895195685e-17, 1.2168743350196287e-09, 2.694733687962956e-07, 4.01367207951757e-06, 2.5044012089175258e-05, 9.184086088888107e-05, 0.00021658217927316445, 0.0004285127223276525, 0.0006926460966293307, 0.0009751693503202109, 0.001179785446439739, 0.0015127614507724294, 0.0017309358161800702, 0.0018833159646792464, 0.0020776552599599406, 0.0022818614868020904, 0.002643204867778964, 0.003034636244277003, 0.003175822148079897, 0.0033200389658568545], "worker_6": [2.7422819895284146e-17, 1.0073121567778319e-09, 2.699228655515024e-07, 6.203300881820903e-06, 3.4043351595922494e-05, 0.0001041734507823223, 0.0001945490550630339, 0.0003549831872333018, 0.0005983892178624711, 0.0008088481098409005, 0.001161217426713762, 0.0014904256585283652, 0.0018865299182184048, 0.0022142000273153036, 0.0026631420442007323, 0.0028193082436135755, 0.0033875827557335505, 0.006266805098511349, 0.00972251732862084, 0.012209634519674687], "worker_5": [6.912141921438756e-11, 1.9749245553036945e-06, 4.61492597983506e-05, 0.0002003781904691409, 0.0005926089559163005, 0.0011644148492762495, 0.0016704146923862955, 0.0024432158543687015, 0.0031123404967772304, 0.003728126642548589, 0.003988351745648615, 0.004531162009492404, 0.005107844929838848, 0.005510225022121041, 0.005870500989285791, 0.0061920909065090336, 0.006480708875466722, 0.006796884931307124, 0.007323654900981864, 0.008137044788962971], "worker_4": [4.120047586017927e-12, 3.6368404908087704e-07, 1.4796355927888605e-05, 0.00010819731342329202, 0.0003154924496974052, 0.0006868097324284057, 0.0011781307334736341, 0.0016061100632192528, 0.0019000401462584283, 0.0025592285556774778, 0.0032458525716748195, 0.0039952390752598975, 0.004589176776693063, 0.005244484169048487, 0.005605827290723731, 0.005929991675849891, 0.006221646539262449, 0.006522784066667784, 0.006931669291319742, 0.00748860370635342]}