{"queen": [], "worker_10": [3.4560709607082536e-10, 8.115031739496222e-06, 0.0002126864115737575, 0.0009424844740527535, 0.0024218152982322383, 0.004549754454478724, 0.007961212047501477, 0.011705578899609126, 0.01404643297381556, 0.017026037321717438, 0.01806292357983689, 0.020597430781248007, 0.02415696922785768, 0.026521533741789158, 0.02806681870473587, 0.029485224909454526, 0.029732739389365156, 0.032053075697126045, 0.03309328344028411, 0.0342256518150193, 0.038197174887646644, 0.041928137325323425, 0.04397364852331496, 0.04797408970084231, 0.05109810813384701, 0.05427838391103718, 0.05724866695979318, 0.060151051376212836, 0.06298458677572498, 0.06562865592608953, 0.06800777505910058, 0.07010625490418573, 0.0720393483365308, 0.07420414380297662, 0.07725816782372436, 0.0817560384309856, 0.08645907702597884, 0.09314253896837457, 0.10015582132169222, 0.10505335776500496, 0.11279608401409591, 0.11797421924076718, 0.12382543091760755, 0.13037055712155324, 0.13759224734667694, 0.14100899118532118, 0.1474564198999593, 0.1507789015776587, 0.15884400598209947, 0.1657540530665392, 0.17760718616596607, 0.18437981460027017, 0.19530282596676773, 0.20688797082427654, 0.21722859484093307, 0.22168969716748899, 0.22820721981422534, 0.22963739938574385, 0.23189850739135406, 0.23243668169854953, 0.23733431872862804, 0.24429447052139705, 0.25915611749950035, 0.27654189305802396, 0.2912145410865656, 0.304606983988602, 0.30933254707420127, 0.31915562177613066, 0.32183719627001306, 0.3278031336070173, 0.32675533805035667, 0.32781235518519164, 0.3293536715421238, 0.33122154261536435, 0.3303992970697006, 0.3507461503503562, 0.4077588072699472, 0.43729680383076563, 0.44427652903889386, 0.4445304994238866, 0.44961058529813114, 0.44919864305810353, 0.44691676099568384, 0.4411362436861277, 0.4342641082421551, 0.42957736853369666, 0.42635319765222457, 0.42131269329700566, 0.4163148536634887, 0.41138625914823107, 0.6395788867679878, 0.6418781650548019, 0.6237136851571963, 0.5993923553101269, 0.580730503954521, 0.5623685845305564, 0.5454929371571138, 0.5314261963887635, 0.5197678971212478, 0.5083701158580309, 0.49792850059694127, 0.48851929349259937, 0.4798311395086213, 0.4717471092874088, 0.4642284938406784, 0.9044225741990273, 0.7667733030899869, 0.7026376723426581], "worker_9": [3.0950121424300325e-06, 0.0010304161860452987, 0.006545188500262889, 0.014963877845491675, 0.022032472181342654, 0.03169228446503597, 0.038236690417185325, 0.04527774148570592, 0.051189536527993, 0.05404104104200614, 0.05623521895958901, 0.05791152018465144, 0.09882611335977434, 0.0874308692847414, 0.08224909236907424, 0.07909540976422101, 0.11925171615889024, 0.11287655975224398, 0.11768305960224842, 0.12963282451190133, 0.14059916070070289, 0.15205928930378726, 0.16173222141074753, 0.16322719699187793, 0.16411325112600852, 0.16724212975891617, 0.1718643026066642, 0.17308142595571455, 0.17271554544877332, 0.1746730555863853, 0.20156606921882814, 0.27465824822970936, 0.31404474824973955, 0.32993795608592197, 0.3262559944757406, 0.3182114201395185, 0.3135485834447145, 0.30795908344931455, 0.29981853811687553, 0.2958657595650006, 0.2891347467751752, 0.2833275642698486, 0.2767890531581438, 0.2707325108603291, 0.2654267440570901, 0.6669347119116247, 0.5622038028222613, 0.5049971298379543, 0.46798329049832915, 0.4421091061800032, 0.4207586823193006, 0.403352981924448, 0.38870060572695475, 0.3760997384618725, 0.3649837249490624], "worker_8": [3.8492864687430286e-13, 4.438441202257162e-07, 2.6878288682667634e-05, 0.0002823138660137054, 0.000884986742980733, 0.0017391675896364688, 0.003285001052572441, 0.005714478597071274, 0.007695580952136141, 0.009622400643081121, 0.01219188428706169, 0.013784452603336229, 0.015947564323354268, 0.02228865246030886, 0.027021596696134843, 0.03148984932850212, 0.03701716274584161, 0.04645106880869955, 0.04987504210660373, 0.050654828501433144, 0.053656517489967734, 0.05619431516429936, 0.05851799230728506, 0.06104588312788404, 0.06408819169650683, 0.06760902041425651, 0.07112116462629568, 0.07430393829971813, 0.07719092752557956, 0.08131062946742462, 0.08637379280329692, 0.08956728014126118, 0.0942733643035232, 0.09655825777021608, 0.09940731559090953, 0.10446365590374877, 0.11209996867642857, 0.11838671255796018, 0.12696589078436335, 0.13438892865728067, 0.13791946956601406, 0.14337222717580556, 0.14836655723041905, 0.15289206336507224, 0.15808305877602447, 0.16167095783392937, 0.16661044430156877, 0.17404893618805564, 0.18357903546995577, 0.19756624023478078, 0.21315760923876576, 0.2199139289253355, 0.22523202666391476, 0.22932318629920212, 0.23894082561746102, 0.24391427443927277, 0.2464251393040744, 0.25089383508216867, 0.2507341514543348, 0.25481966776706133, 0.25475923904177816, 0.26787369559660706, 0.2914585218460996, 0.3112889093572289, 0.32324011473297176, 0.32889575699420875, 0.3393959421895536, 0.34677502936449456, 0.35020935496485345, 0.35072714278541817, 0.35159474711201927, 0.35266206696499547, 0.349852226914515, 0.34690228408601853, 0.34551410876428523, 0.40524058889913334, 0.4787713140041331, 0.49888025172690476, 0.4960294043198237, 0.4868282186287769, 0.47876899067800277, 0.4690128215379711, 0.4644341051812628, 0.4580193916689759, 0.4499231514266297, 0.44162883006109743, 0.4362275597592724, 0.42928561833444434, 0.4231191383074534, 0.41684350537339343, 0.7538650154073407, 0.6881698821149048, 0.6460453123452986, 0.6148347720535408, 0.5876152759553732, 0.5674214135265111, 0.5497045600743988, 0.5342450605302644], "worker_3": [3.456070960714725e-10, 5.4464723079966095e-06, 0.00015888047183285889, 0.0009279885980353515, 0.0025251927136092636, 0.005259696181840039, 0.008172669021815598, 0.011986164869622382, 0.014739561675442606, 0.01816040690115241, 0.021278126025941924, 0.023388622041095094, 0.025254004211380705, 0.030181062113433466, 0.03931543236637341, 0.04427962335300717, 0.04846296575592378, 0.052432991275461756, 0.0610356862286379, 0.06591772242827404, 0.06933004423524211, 0.07225883038979578, 0.07492631766065218, 0.07734161746151755, 0.07950966942763199, 0.08145303084016123, 0.08318934021257635, 0.08630622388700358, 0.0884141774305857, 0.09358044733054638, 0.09543022762433889, 0.10043852270229389, 0.1037697617311782, 0.11197420896030401, 0.11926519847102995, 0.1311312621568828, 0.1419747937876552, 0.1508604133605656, 0.16025671673510739, 0.16448126203442762, 0.17184357240745524, 0.1794162798791696, 0.18350953504454595, 0.1846281941892726, 0.18745787214354465, 0.19080210298068412, 0.19726635265436387, 0.2133120084024939, 0.23250756419764898, 0.24711380992084128, 0.2564805115190592, 0.26316117952892826, 0.27100890575077297, 0.2768772387700276, 0.28104518648441856, 0.28269824687708633, 0.28232816056329085, 0.2825812580123594, 0.283305906993568, 0.28434507944528686, 0.3060865578888958, 0.3606203190755318, 0.3869707203713317, 0.3946432487360287, 0.40236888128778425, 0.39898400969299075, 0.3975871491230161, 0.39472229863957764, 0.3885788484234769, 0.3836475094864778, 0.37866922343705106, 0.37287297822955995, 0.3688747783189074, 0.36413334019138055, 0.3612940653627247, 0.5422654847192769, 0.5784594916943587, 0.5598540811282726, 0.5420236706436559, 0.5251657762928821, 0.5118614723989564, 0.497032709081654, 0.4839975344212132, 0.47357176245491484, 0.4635613684357883, 0.4537375439617829, 0.44464097498356114],